zip code,Zone
94506,Contra Costa County
94506,Contra Costa County
94507,Contra Costa County
94509,Contra Costa County
94511,Contra Costa County
94513,Contra Costa County
94514,Contra Costa County
94514,Contra Costa County
94516,Contra Costa County
94517,Contra Costa County
94518,Contra Costa County
94519,Contra Costa County
94520,Contra Costa County
94521,Contra Costa County
94522,Contra Costa County
94523,Contra Costa County
94523,Contra Costa County
94524,Contra Costa County
94525,Contra Costa County
94526,Contra Costa County
94527,Contra Costa County
94528,Contra Costa County
94530,Contra Costa County
94530,Contra Costa County
94531,Contra Costa County
94547,Contra Costa County
94547,Contra Costa County
94548,Contra Costa County
94549,Contra Costa County
94553,Contra Costa County
94553,Contra Costa County
94556,Contra Costa County
94561,Contra Costa County
94563,Contra Costa County
94564,Contra Costa County
94565,Contra Costa County
94565,Contra Costa County
94569,Contra Costa County
94570,Contra Costa County
94572,Contra Costa County
94575,Contra Costa County
94583,Contra Costa County
94595,Contra Costa County
94596,Contra Costa County
94597,Contra Costa County
94598,Contra Costa County
94801,Contra Costa County
94801,Contra Costa County
94801,Contra Costa County
94802,Contra Costa County
94803,Contra Costa County
94803,Contra Costa County
94804,Contra Costa County
94805,Contra Costa County
94806,Contra Costa County
94806,Contra Costa County
94806,Contra Costa County
94807,Contra Costa County
94808,Contra Costa County
94820,Contra Costa County
94820,Contra Costa County
94850,Contra Costa County
94922,Sonoma County
94923,Sonoma County
94927,Sonoma County
94927,Sonoma County
94928,Sonoma County
94928,Sonoma County
94931,Sonoma County
94951,Sonoma County
94952,Sonoma County
94953,Sonoma County
94954,Sonoma County
94955,Sonoma County
94972,Sonoma County
94975,Sonoma County
94999,Sonoma County
95401,Sonoma County
95402,Sonoma County
95403,Sonoma County
95403,Sonoma County
95404,Sonoma County
95405,Sonoma County
95406,Sonoma County
95407,Sonoma County
95408,Sonoma County
95409,Sonoma County
95412,Sonoma County
95416,Sonoma County
95419,Sonoma County
95421,Sonoma County
95425,Sonoma County
95430,Sonoma County
95431,Sonoma County
95433,Sonoma County
95436,Sonoma County
95439,Sonoma County
95441,Sonoma County
95442,Sonoma County
95444,Sonoma County
95446,Sonoma County
95448,Sonoma County
95450,Sonoma County
95452,Sonoma County
95462,Sonoma County
95462,Sonoma County
95465,Sonoma County
95471,Sonoma County
95472,Sonoma County
95472,Sonoma County
95473,Sonoma County
95476,Sonoma County
95480,Sonoma County
95486,Sonoma County
95487,Sonoma County
95492,Sonoma County
95497,Sonoma County
94503,Napa County
94503,Napa County
94508,Napa County
94515,Napa County
94558,Napa County
94558,Napa County
94559,Napa County
94562,Napa County
94567,Napa County
94573,Napa County
94574,Napa County
94576,Napa County
94576,Napa County
94581,Napa County
94599,Napa County
94101,San Francisco County
94102,San Francisco County
94103,San Francisco County
94104,San Francisco County
94105,San Francisco County
94107,San Francisco County
94108,San Francisco County
94109,San Francisco County
94110,San Francisco County
94111,San Francisco County
94112,San Francisco County
94114,San Francisco County
94115,San Francisco County
94116,San Francisco County
94117,San Francisco County
94118,San Francisco County
94119,San Francisco County
94120,San Francisco County
94121,San Francisco County
94122,San Francisco County
94123,San Francisco County
94124,San Francisco County
94125,San Francisco County
94126,San Francisco County
94127,San Francisco County
94129,San Francisco County
94130,San Francisco County
94131,San Francisco County
94132,San Francisco County
94133,San Francisco County
94134,San Francisco County
94140,San Francisco County
94141,San Francisco County
94142,San Francisco County
94146,San Francisco County
94147,San Francisco County
94157,San Francisco County
94159,San Francisco County
94164,San Francisco County
94165,San Francisco County
94166,San Francisco County
94167,San Francisco County
94168,San Francisco County
94169,San Francisco County
94170,San Francisco County
94172,San Francisco County
94188,San Francisco County
94002,San Mateo County
94003,San Mateo County
94005,San Mateo County
94010,San Mateo County
94010,San Mateo County
94011,San Mateo County
94012,San Mateo County
94014,San Mateo County
94014,San Mateo County
94015,San Mateo County
94016,San Mateo County
94017,San Mateo County
94018,San Mateo County
94019,San Mateo County
94020,San Mateo County
94021,San Mateo County
94025,San Mateo County
94025,San Mateo County
94026,San Mateo County
94027,San Mateo County
94027,San Mateo County
94028,San Mateo County
94028,San Mateo County
94029,San Mateo County
94030,San Mateo County
94031,San Mateo County
94037,San Mateo County
94038,San Mateo County
94044,San Mateo County
94045,San Mateo County
94059,San Mateo County
94060,San Mateo County
94061,San Mateo County
94062,San Mateo County
94062,San Mateo County
94062,San Mateo County
94063,San Mateo County
94064,San Mateo County
94065,San Mateo County
94066,San Mateo County
94067,San Mateo County
94070,San Mateo County
94071,San Mateo County
94074,San Mateo County
94080,San Mateo County
94083,San Mateo County
94096,San Mateo County
94098,San Mateo County
94099,San Mateo County
94128,San Mateo County
94128,San Mateo County
94307,San Mateo County
94308,San Mateo County
94401,San Mateo County
94402,San Mateo County
94403,San Mateo County
94404,San Mateo County
94404,San Mateo County
94405,San Mateo County
94406,San Mateo County
94407,San Mateo County
94408,San Mateo County
94409,San Mateo County
94022,Santa Clara County
94022,Santa Clara County
94023,Santa Clara County
94024,Santa Clara County
94024,Santa Clara County
94035,Santa Clara County
94035,Santa Clara County
94039,Santa Clara County
94040,Santa Clara County
94041,Santa Clara County
94042,Santa Clara County
94043,Santa Clara County
94085,Santa Clara County
94086,Santa Clara County
94087,Santa Clara County
94088,Santa Clara County
94088,Santa Clara County
94089,Santa Clara County
94090,Santa Clara County
94301,Santa Clara County
94302,Santa Clara County
94303,Santa Clara County
94303,Santa Clara County
94304,Santa Clara County
94305,Santa Clara County
94305,Santa Clara County
94306,Santa Clara County
94309,Santa Clara County
94309,Santa Clara County
94310,Santa Clara County
95002,Santa Clara County
95008,Santa Clara County
95009,Santa Clara County
95011,Santa Clara County
95013,Santa Clara County
95014,Santa Clara County
95014,Santa Clara County
95014,Santa Clara County
95015,Santa Clara County
95020,Santa Clara County
95021,Santa Clara County
95026,Santa Clara County
95030,Santa Clara County
95030,Santa Clara County
95031,Santa Clara County
95032,Santa Clara County
95035,Santa Clara County
95036,Santa Clara County
95037,Santa Clara County
95038,Santa Clara County
95042,Santa Clara County
95044,Santa Clara County
95046,Santa Clara County
95050,Santa Clara County
95051,Santa Clara County
95052,Santa Clara County
95054,Santa Clara County
95055,Santa Clara County
95056,Santa Clara County
95070,Santa Clara County
95071,Santa Clara County
95101,Santa Clara County
95102,Santa Clara County
95103,Santa Clara County
95106,Santa Clara County
95108,Santa Clara County
95109,Santa Clara County
95110,Santa Clara County
95111,Santa Clara County
95112,Santa Clara County
95113,Santa Clara County
95114,Santa Clara County
95115,Santa Clara County
95116,Santa Clara County
95117,Santa Clara County
95118,Santa Clara County
95119,Santa Clara County
95120,Santa Clara County
95121,Santa Clara County
95122,Santa Clara County
95123,Santa Clara County
95124,Santa Clara County
95125,Santa Clara County
95126,Santa Clara County
95127,Santa Clara County
95128,Santa Clara County
95129,Santa Clara County
95130,Santa Clara County
95131,Santa Clara County
95132,Santa Clara County
95133,Santa Clara County
95134,Santa Clara County
95135,Santa Clara County
95136,Santa Clara County
95137,Santa Clara County
95138,Santa Clara County
95139,Santa Clara County
95140,Santa Clara County
95140,Santa Clara County
95141,Santa Clara County
95142,Santa Clara County
95148,Santa Clara County
95150,Santa Clara County
95151,Santa Clara County
95152,Santa Clara County
95153,Santa Clara County
95154,Santa Clara County
95155,Santa Clara County
95156,Santa Clara County
95157,Santa Clara County
95158,Santa Clara County
95159,Santa Clara County
95160,Santa Clara County
95161,Santa Clara County
95164,Santa Clara County
95170,Santa Clara County
95171,Santa Clara County
95172,Santa Clara County
95173,Santa Clara County
94501,Alameda County
94502,Alameda County
94536,Alameda County
94537,Alameda County
94538,Alameda County
94539,Alameda County
94540,Alameda County
94541,Alameda County
94542,Alameda County
94543,Alameda County
94544,Alameda County
94545,Alameda County
94546,Alameda County
94546,Alameda County
94550,Alameda County
94551,Alameda County
94552,Alameda County
94552,Alameda County
94555,Alameda County
94557,Alameda County
94557,Alameda County
94560,Alameda County
94566,Alameda County
94568,Alameda County
94568,Alameda County
94577,Alameda County
94578,Alameda County
94579,Alameda County
94580,Alameda County
94586,Alameda County
94587,Alameda County
94588,Alameda County
94601,Alameda County
94602,Alameda County
94602,Alameda County
94603,Alameda County
94604,Alameda County
94605,Alameda County
94606,Alameda County
94607,Alameda County
94608,Alameda County
94608,Alameda County
94609,Alameda County
94610,Alameda County
94610,Alameda County
94611,Alameda County
94611,Alameda County
94612,Alameda County
94613,Alameda County
94614,Alameda County
94615,Alameda County
94617,Alameda County
94618,Alameda County
94618,Alameda County
94619,Alameda County
94620,Alameda County
94620,Alameda County
94621,Alameda County
94623,Alameda County
94624,Alameda County
94661,Alameda County
94662,Alameda County
94662,Alameda County
94701,Alameda County
94702,Alameda County
94703,Alameda County
94704,Alameda County
94705,Alameda County
94706,Alameda County
94706,Alameda County
94706,Alameda County
94707,Alameda County
94707,Alameda County
94708,Alameda County
94708,Alameda County
94709,Alameda County
94710,Alameda County
94710,Alameda County
94712,Alameda County
94510,Solano County
94512,Solano County
94533,Solano County
94534,Solano County
94534,Solano County
94535,Solano County
94535,Solano County
94571,Solano County
94585,Solano County
94589,Solano County
94589,Solano County
94590,Solano County
94591,Solano County
94592,Solano County
95620,Solano County
95620,Solano County
95625,Solano County
95687,Solano County
95688,Solano County
95696,Solano County
95696,Solano County
95422,Lake County
95423,Lake County
95424,Lake County
95426,Lake County
95435,Lake County
95443,Lake County
95451,Lake County
95453,Lake County
95457,Lake County
95458,Lake County
95461,Lake County
95461,Lake County
95464,Lake County
95485,Lake County
95493,Lake County
95493,Lake County
95001,Santa Cruz County
95003,Santa Cruz County
95005,Santa Cruz County
95006,Santa Cruz County
95007,Santa Cruz County
95010,Santa Cruz County
95017,Santa Cruz County
95018,Santa Cruz County
95019,Santa Cruz County
95033,Santa Cruz County
95041,Santa Cruz County
95060,Santa Cruz County
95060,Santa Cruz County
95060,Santa Cruz County
95061,Santa Cruz County
95062,Santa Cruz County
95063,Santa Cruz County
95064,Santa Cruz County
95065,Santa Cruz County
95066,Santa Cruz County
95066,Santa Cruz County
95067,Santa Cruz County
95067,Santa Cruz County
95073,Santa Cruz County
95076,Santa Cruz County
95076,Santa Cruz County
95076,Santa Cruz County
95076,Santa Cruz County
95076,Santa Cruz County
95077,Santa Cruz County